"badge_number","pki_details","circus_role","voyager_role","structure_role"
"150","CN=Abbot Clark (aclark),OU=People,O=OreosBelt,C=GB","User","User","User"
"151","CN=Damon Anika (danika),OU=People,O=OreosBelt,C=GB","User","User","User"
"152","CN=Vaughan Ima (vima),OU=People,O=OreosBelt,C=GB","User","User","User"
"153","CN=Ginger Seth (gseth),OU=People,O=OreosBelt,C=GB","User","User","User"
"154","CN=Gannon Nicole (gnicole),OU=People,O=OreosBelt,C=GB","User","User","User"
"155","CN=Hayden Ronan (hronan),OU=People,O=OreosBelt,C=GB","User","User","User"
"156","CN=Savannah Leilani (sleilani),OU=People,O=OreosBelt,C=GB","User","User","User"
"157","CN=Anthony Ava (aava),OU=People,O=OreosBelt,C=GB","User","User","User"
"158","CN=Sonia Fatima (sfatima),OU=People,O=OreosBelt,C=GB","User","User","User"
"159","CN=Sloane Isaac (sisaac),OU=People,O=OreosBelt,C=GB","User","User","User"
"160","CN=Hayfa Carson (hcarson),OU=People,O=OreosBelt,C=GB","User","User","User"
"161","CN=Reese Ira (rira),OU=People,O=OreosBelt,C=GB","User","User","User"
"162","CN=Minerva Vaughan (mvaughan),OU=People,O=OreosBelt,C=GB","User","User","User"
"163","CN=Ebony Angela (eangela),OU=People,O=OreosBelt,C=GB","IT Administrator","User","User"
"164","CN=Felix Fleur (ffleur),OU=People,O=OreosBelt,C=GB","User","User","User"
"165","CN=Raymond Ayanna (rayanna),OU=People,O=OreosBelt,C=GB","User","IT Administrator","User"
"166","CN=Pascale April (papril),OU=People,O=OreosBelt,C=GB","User","User","User"
"167","CN=Mariam Gretchen (mgretchen),OU=People,O=OreosBelt,C=GB","User","User","User"
"168","CN=Vladimir Madonna (vmadonna),OU=People,O=OreosBelt,C=GB","User","User","User"
"169","CN=Maggie Buckminster (mbuckminster),OU=People,O=OreosBelt,C=GB","User","User","User"
"170","CN=Rose Laith (rlaith),OU=People,O=OreosBelt,C=GB","User","User","User"
"171","CN=Ishmael Diana (idiana),OU=People,O=OreosBelt,C=GB","User","User","User"
"172","CN=Whitney Eric (weric),OU=People,O=OreosBelt,C=GB","Systems Administrator","User","User"
"173","CN=Caleb Stephen (cstephen),OU=People,O=OreosBelt,C=GB","User","User","User"
"174","CN=Rose Fulton (rfulton),OU=People,O=OreosBelt,C=GB","User","Systems Administrator","User"
"175","CN=Orson Lael (olael),OU=People,O=OreosBelt,C=GB","User","User","User"
"176","CN=Brielle Nola (bnola),OU=People,O=OreosBelt,C=GB","Desk Clerk","User","User"
"177","CN=Justin Danielle (jdanielle),OU=People,O=OreosBelt,C=GB","User","User","User"
"178","CN=Janna Zia (jzia),OU=People,O=OreosBelt,C=GB","User","User","IT Administrator"
"179","CN=Beatrice Price (bprice),OU=People,O=OreosBelt,C=GB","User","IT Administrator","User"
"180","CN=Candice Abigail (cabigail),OU=People,O=OreosBelt,C=GB","User","User","User"
"181","CN=Lucy Ava (lava),OU=People,O=OreosBelt,C=GB","User","User","User"
"182","CN=Felicia Beatrice (fbeatrice),OU=People,O=OreosBelt,C=GB","User","User","User"
"183","CN=Maggie Ashton (mashton),OU=People,O=OreosBelt,C=GB","Developer","User","User"
"184","CN=Uta Rina (urina),OU=People,O=OreosBelt,C=GB","User","User","IT Administrator"
"185","CN=Alexander Iona (aiona),OU=People,O=OreosBelt,C=GB","User","User","User"
"186","CN=Lawrence Linus (llinus),OU=People,O=OreosBelt,C=GB","User","User","User"
"187","CN=Kevin Kameko (kkameko),OU=People,O=OreosBelt,C=GB","User","User","User"
"188","CN=Amber Elmo (aelmo),OU=People,O=OreosBelt,C=GB","User","User","User"
"189","CN=Isaiah Dominique (idominique),OU=People,O=OreosBelt,C=GB","User","Developer","User"
"190","CN=Emma Omar (eomar),OU=People,O=OreosBelt,C=GB","User","User","User"
"191","CN=Yardley Sean (ysean),OU=People,O=OreosBelt,C=GB","User","User","User"
"192","CN=Lillith Jeremy (ljeremy),OU=People,O=OreosBelt,C=GB","User","Desk Clerk","User"
"193","CN=Macon Conan (mconan),OU=People,O=OreosBelt,C=GB","User","User","User"
"194","CN=Arthur Regina (aregina),OU=People,O=OreosBelt,C=GB","User","User","User"
"195","CN=Grace Lenore (glenore),OU=People,O=OreosBelt,C=GB","None","User","User"
"196","CN=Cameron Jason (cjason),OU=People,O=OreosBelt,C=GB","User","User","User"
"197","CN=Deacon Charissa (dcharissa),OU=People,O=OreosBelt,C=GB","User","User","User"
"198","CN=Ivory Daniel (idaniel),OU=People,O=OreosBelt,C=GB","User","User","Desk Clerk"
"199","CN=Cullen Cadman (ccadman),OU=People,O=OreosBelt,C=GB","User","User","User"
"200","CN=Quail Octavius (qoctavius),OU=People,O=OreosBelt,C=GB","User","User","User"
"201","CN=Marsden Garth (mgarth),OU=People,O=OreosBelt,C=GB","User","None","User"
"202","CN=Rudyard Marny (rmarny),OU=People,O=OreosBelt,C=GB","Desk Clerk","User","User"
"203","CN=Lawrence Iola (liola),OU=People,O=OreosBelt,C=GB","User","User","User"
"204","CN=Vivien Reese (vreese),OU=People,O=OreosBelt,C=GB","User","User","User"
"205","CN=Kuame Daphne (kdaphne),OU=People,O=OreosBelt,C=GB","User","User","User"
"206","CN=Yoshio Logan (ylogan),OU=People,O=OreosBelt,C=GB","User","User","User"
"207","CN=Unity Quinlan (uquinlan),OU=People,O=OreosBelt,C=GB","User","User","User"
"208","CN=Paki Gisela (pgisela),OU=People,O=OreosBelt,C=GB","User","User","User"
"209","CN=Rhoda Jakeem (rjakeem),OU=People,O=OreosBelt,C=GB","Developer","User","User"
"210","CN=Armand Kennan (akennan),OU=People,O=OreosBelt,C=GB","User","User","Desk Clerk"
"211","CN=Lareina Ingrid (lingrid),OU=People,O=OreosBelt,C=GB","User","User","User"
"212","CN=Simone Sharon (ssharon),OU=People,O=OreosBelt,C=GB","User","User","User"
"213","CN=Denise Kane (dkane),OU=People,O=OreosBelt,C=GB","User","User","User"
"214","CN=Chandler Jordan (cjordan),OU=People,O=OreosBelt,C=GB","None","User","User"
"215","CN=Sonia Alice (salice),OU=People,O=OreosBelt,C=GB","User","User","User"
"216","CN=Maxine Tara (mtara),OU=People,O=OreosBelt,C=GB","User","User","User"
"217","CN=Ina Idola (iidola),OU=People,O=OreosBelt,C=GB","User","User","User"
"218","CN=Xantha Fuller (xfuller),OU=People,O=OreosBelt,C=GB","User","User","User"
"219","CN=Marsden Carter (mcarter),OU=People,O=OreosBelt,C=GB","User","None","User"
"220","CN=Barclay Martena (bmartena),OU=People,O=OreosBelt,C=GB","None","User","User"
"221","CN=Jarrod Maisie (jmaisie),OU=People,O=OreosBelt,C=GB","User","User","Desk Clerk"
"222","CN=Quentin Craig (qcraig),OU=People,O=OreosBelt,C=GB","Developer","User","User"
"223","CN=Dara Deborah (ddeborah),OU=People,O=OreosBelt,C=GB","User","User","User"
"224","CN=Neil Sharon (nsharon),OU=People,O=OreosBelt,C=GB","Desk Clerk","User","User"
"225","CN=Astra Kim (akim),OU=People,O=OreosBelt,C=GB","User","User","Desk Clerk"
"226","CN=Inga Damian (idamian),OU=People,O=OreosBelt,C=GB","User","User","User"
"227","CN=Macy Nathan (mnathan),OU=People,O=OreosBelt,C=GB","User","Desk Clerk","User"
"228","CN=Hector Arsenio (harsenio),OU=People,O=OreosBelt,C=GB","User","User","User"
"229","CN=Hilary Cadman (hcadman),OU=People,O=OreosBelt,C=GB","User","User","User"
"230","CN=Charissa Keane (ckeane),OU=People,O=OreosBelt,C=GB","User","User","User"
"231","CN=Peter Bevis (pbevis),OU=People,O=OreosBelt,C=GB","User","User","None"
"232","CN=Fleur Gay (fgay),OU=People,O=OreosBelt,C=GB","User","User","User"
"233","CN=Lamar Shannon (lshannon),OU=People,O=OreosBelt,C=GB","User","User","User"
"234","CN=Paul Nicholas (pnicholas),OU=People,O=OreosBelt,C=GB","User","User","User"
"235","CN=Leilani Violet (lviolet),OU=People,O=OreosBelt,C=GB","User","User","User"
"236","CN=Colton Zelda (czelda),OU=People,O=OreosBelt,C=GB","User","User","User"
"237","CN=Damon Iris (diris),OU=People,O=OreosBelt,C=GB","User","User","User"
"238","CN=Upton Simone (usimone),OU=People,O=OreosBelt,C=GB","User","User","User"
"239","CN=Nigel Travis (ntravis),OU=People,O=OreosBelt,C=GB","None","User","User"
"240","CN=Ava Kieran (akieran),OU=People,O=OreosBelt,C=GB","User","User","User"
"241","CN=Lael Ray (lray),OU=People,O=OreosBelt,C=GB","User","User","User"
"242","CN=Rooney Meghan (rmeghan),OU=People,O=OreosBelt,C=GB","User","User","User"
"243","CN=Miriam May (mmay),OU=People,O=OreosBelt,C=GB","None","User","User"
"244","CN=Luke Kirk (lkirk),OU=People,O=OreosBelt,C=GB","User","User","User"
"245","CN=Driscoll Carlos (dcarlos),OU=People,O=OreosBelt,C=GB","User","User","User"
"246","CN=Preston Beau (pbeau),OU=People,O=OreosBelt,C=GB","User","User","User"
"247","CN=Alvin Halla (ahalla),OU=People,O=OreosBelt,C=GB","User","User","User"
"248","CN=Steel Igor (sigor),OU=People,O=OreosBelt,C=GB","User","User","User"
"249","CN=Phelan Harlan (pharlan),OU=People,O=OreosBelt,C=GB","User","User","User"
"300","CN=Jenna Cyrus (jcyrus),OU=People,O=OreosBelt,C=GB","User","User","User"
"301","CN=Slade Reagan (sreagan),OU=People,O=OreosBelt,C=GB","User","User","User"
"302","CN=Stephen Mason (smason),OU=People,O=OreosBelt,C=GB","User","User","User"
"303","CN=Edan Quyn (equyn),OU=People,O=OreosBelt,C=GB","User","User","User"
"304","CN=Wanda Alyssa (walyssa),OU=People,O=OreosBelt,C=GB","User","User","User"
"305","CN=Louis Gemma (lgemma),OU=People,O=OreosBelt,C=GB","User","User","User"
"306","CN=Iona Jolene (ijolene),OU=People,O=OreosBelt,C=GB","User","User","User"
"307","CN=Raya Quamar (rquamar),OU=People,O=OreosBelt,C=GB","User","User","User"
"308","CN=Kennan Mollie (kmollie),OU=People,O=OreosBelt,C=GB","User","User","User"
"309","CN=Cassady Aristotle (caristotle),OU=People,O=OreosBelt,C=GB","User","User","User"
"310","CN=Michelle Echo (mecho),OU=People,O=OreosBelt,C=GB","User","User","User"
"311","CN=Emerald Orson (eorson),OU=People,O=OreosBelt,C=GB","User","User","User"
"312","CN=Selma Cedric (scedric),OU=People,O=OreosBelt,C=GB","User","User","User"
"313","CN=Miriam Silas (msilas),OU=People,O=OreosBelt,C=GB","User","User","User"
"314","CN=Cedric Kameko (ckameko),OU=People,O=OreosBelt,C=GB","User","User","User"
"315","CN=Jada Malik (jmalik),OU=People,O=OreosBelt,C=GB","User","User","User"
"316","CN=Matthew Cedric (mcedric),OU=People,O=OreosBelt,C=GB","User","User","User"
"317","CN=Leroy Myra (lmyra),OU=People,O=OreosBelt,C=GB","User","User","User"
"318","CN=Penelope Joseph (pjoseph),OU=People,O=OreosBelt,C=GB","User","User","User"
"319","CN=Tanya Vivien (tvivien),OU=People,O=OreosBelt,C=GB","User","User","User"
"320","CN=Nash Talon (ntalon),OU=People,O=OreosBelt,C=GB","User","User","User"
"321","CN=Nissim Shad (nshad),OU=People,O=OreosBelt,C=GB","User","User","User"
"322","CN=Eleanor Adam (eadam),OU=People,O=OreosBelt,C=GB","User","User","User"
"323","CN=Portia Hector (phector),OU=People,O=OreosBelt,C=GB","User","User","User"
"324","CN=Thor Kyle (tkyle),OU=People,O=OreosBelt,C=GB","User","User","User"
"325","CN=Hall Whilemina (hwhilemina),OU=People,O=OreosBelt,C=GB","User","User","User"
"326","CN=Madison Ian (mian),OU=People,O=OreosBelt,C=GB","User","User","User"
"327","CN=Lael Shoshana (lshoshana),OU=People,O=OreosBelt,C=GB","User","User","User"
"328","CN=Colleen Vladimir (cvladimir),OU=People,O=OreosBelt,C=GB","User","User","User"
"329","CN=Briar Naida (bnaida),OU=People,O=OreosBelt,C=GB","User","User","User"
"330","CN=Britanni Genevieve (bgenevieve),OU=People,O=OreosBelt,C=GB","User","User","User"
"331","CN=Dexter Georgia (dgeorgia),OU=People,O=OreosBelt,C=GB","User","User","User"
"332","CN=Bree Andrew (bandrew),OU=People,O=OreosBelt,C=GB","User","User","User"
"333","CN=Justina Noah (jnoah),OU=People,O=OreosBelt,C=GB","User","User","User"
"334","CN=Keaton Tucker (ktucker),OU=People,O=OreosBelt,C=GB","User","User","User"
"335","CN=Merrill Aquila (maquila),OU=People,O=OreosBelt,C=GB","User","User","User"
"336","CN=Erica Ezekiel (eezekiel),OU=People,O=OreosBelt,C=GB","User","User","User"
"337","CN=Patience Wing (pwing),OU=People,O=OreosBelt,C=GB","User","User","User"
"338","CN=Thomas Mannix (tmannix),OU=People,O=OreosBelt,C=GB","User","User","User"
"339","CN=Cleo Richard (crichard),OU=People,O=OreosBelt,C=GB","User","User","User"
"340","CN=Florence August (faugust),OU=People,O=OreosBelt,C=GB","User","User","User"
"341","CN=Cally Michael (cmichael),OU=People,O=OreosBelt,C=GB","User","User","User"
"342","CN=Samuel Britanney (sbritanney),OU=People,O=OreosBelt,C=GB","User","User","User"
"343","CN=Chase Pamela (cpamela),OU=People,O=OreosBelt,C=GB","User","User","User"
"344","CN=Melinda Bethany (mbethany),OU=People,O=OreosBelt,C=GB","User","User","User"
"345","CN=Ethan Helen (ehelen),OU=People,O=OreosBelt,C=GB","User","User","User"
"346","CN=Grady Farrah (gfarrah),OU=People,O=OreosBelt,C=GB","User","User","User"
"347","CN=Wesley George (wgeorge),OU=People,O=OreosBelt,C=GB","User","User","User"
"348","CN=Abraham Rashad (arashad),OU=People,O=OreosBelt,C=GB","User","User","User"
"349","CN=Melvin Ross (mross),OU=People,O=OreosBelt,C=GB","User","User","User"
"350","CN=Cody Thaddeus (cthaddeus),OU=People,O=OreosBelt,C=GB","User","User","User"
"351","CN=Kellie Pascale (kpascale),OU=People,O=OreosBelt,C=GB","User","User","User"
"352","CN=Brennan Lucian (blucian),OU=People,O=OreosBelt,C=GB","User","User","User"
"353","CN=Kane Serina (kserina),OU=People,O=OreosBelt,C=GB","User","User","User"
"354","CN=Wade Lev (wlev),OU=People,O=OreosBelt,C=GB","User","User","User"
"355","CN=Aidan Jack (ajack),OU=People,O=OreosBelt,C=GB","User","User","User"
"356","CN=Quemby Julian (qjulian),OU=People,O=OreosBelt,C=GB","User","User","User"
"357","CN=Nasim Kiara (nkiara),OU=People,O=OreosBelt,C=GB","User","User","User"
"358","CN=Althea Leandra (aleandra),OU=People,O=OreosBelt,C=GB","User","User","User"
"359","CN=Rosalyn Amelia (ramelia),OU=People,O=OreosBelt,C=GB","User","User","User"
"360","CN=Hedy Talon (htalon),OU=People,O=OreosBelt,C=GB","User","User","User"
"361","CN=Gray Garrison (ggarrison),OU=People,O=OreosBelt,C=GB","User","User","User"
"362","CN=Nathan McKenzie (nmckenzie),OU=People,O=OreosBelt,C=GB","User","User","User"
"363","CN=Rashad Chadwick (rchadwick),OU=People,O=OreosBelt,C=GB","User","User","User"
"364","CN=Gannon Aileen (gaileen),OU=People,O=OreosBelt,C=GB","User","User","User"
"365","CN=Sharon Asher (sasher),OU=People,O=OreosBelt,C=GB","User","User","User"
"366","CN=Mariam Dean (mdean),OU=People,O=OreosBelt,C=GB","User","User","User"
"367","CN=Latifah Yolanda (lyolanda),OU=People,O=OreosBelt,C=GB","User","User","User"
"368","CN=Paki Sawyer (psawyer),OU=People,O=OreosBelt,C=GB","User","User","User"
"369","CN=Heidi Carol (hcarol),OU=People,O=OreosBelt,C=GB","User","User","User"
"370","CN=Brandon Stephen (bstephen),OU=People,O=OreosBelt,C=GB","User","User","User"
"371","CN=Daria Sophia (dsophia),OU=People,O=OreosBelt,C=GB","User","User","User"
"372","CN=Martin Priscilla (mpriscilla),OU=People,O=OreosBelt,C=GB","User","User","User"
"373","CN=Lev Louis (llouis),OU=People,O=OreosBelt,C=GB","User","User","User"
"374","CN=Zelda Tana (ztana),OU=People,O=OreosBelt,C=GB","User","User","User"
"375","CN=Ann Ralph (aralph),OU=People,O=OreosBelt,C=GB","User","User","User"
"376","CN=Sawyer Shaine (sshaine),OU=People,O=OreosBelt,C=GB","User","User","User"
"377","CN=Brielle Hasad (bhasad),OU=People,O=OreosBelt,C=GB","User","User","User"
"378","CN=Hall Emery (hemery),OU=People,O=OreosBelt,C=GB","User","User","User"
"379","CN=Joan Lance (jlance),OU=People,O=OreosBelt,C=GB","User","User","User"
"380","CN=Gretchen Cherokee (gcherokee),OU=People,O=OreosBelt,C=GB","User","User","User"
"381","CN=Chandler Blythe (cblythe),OU=People,O=OreosBelt,C=GB","User","User","User"
"382","CN=Alea Gretchen (agretchen),OU=People,O=OreosBelt,C=GB","User","User","User"
"383","CN=Burton Silas (bsilas),OU=People,O=OreosBelt,C=GB","User","User","User"
"384","CN=Hillary Ashton (hashton),OU=People,O=OreosBelt,C=GB","User","User","User"
"385","CN=Dahlia Nomlanga (dnomlanga),OU=People,O=OreosBelt,C=GB","User","User","User"
"386","CN=Aphrodite Merritt (amerritt),OU=People,O=OreosBelt,C=GB","User","User","User"
"387","CN=Keiko Kendall (kkendall),OU=People,O=OreosBelt,C=GB","User","User","User"
"388","CN=Nathaniel Zachary (nzachary),OU=People,O=OreosBelt,C=GB","User","User","User"
"389","CN=Harper Aaron (haaron),OU=People,O=OreosBelt,C=GB","User","User","User"
"390","CN=Addison Yvette (ayvette),OU=People,O=OreosBelt,C=GB","User","User","User"
"391","CN=Ryan Christopher (rchristopher),OU=People,O=OreosBelt,C=GB","User","User","User"
"392","CN=Lana Price (lprice),OU=People,O=OreosBelt,C=GB","User","User","User"
"393","CN=Hilel Rylee (hrylee),OU=People,O=OreosBelt,C=GB","User","User","User"
"394","CN=Tucker Shelby (tshelby),OU=People,O=OreosBelt,C=GB","User","User","User"
"395","CN=Tatyana Lance (tlance),OU=People,O=OreosBelt,C=GB","User","User","User"
"396","CN=Vernon Yoshio (vyoshio),OU=People,O=OreosBelt,C=GB","User","User","User"
"397","CN=Kato Devin (kdevin),OU=People,O=OreosBelt,C=GB","User","User","User"
"398","CN=Armand Kalia (akalia),OU=People,O=OreosBelt,C=GB","User","User","User"
"399","CN=Paki Dorothy (pdorothy),OU=People,O=OreosBelt,C=GB","User","User","User"
"450","CN=Lani Ferris (lferris),OU=People,O=OreosBelt,C=GB","User","User","User"
"451","CN=Price Brett (pbrett),OU=People,O=OreosBelt,C=GB","User","User","User"
"452","CN=Josiah Christen (jchristen),OU=People,O=OreosBelt,C=GB","User","User","User"
"453","CN=Wendy Linus (wlinus),OU=People,O=OreosBelt,C=GB","User","User","User"
"454","CN=Brenden Chanda (bchanda),OU=People,O=OreosBelt,C=GB","User","User","User"
"455","CN=Lacy Cara (lcara),OU=People,O=OreosBelt,C=GB","User","User","User"
"456","CN=Josiah Xandra (jxandra),OU=People,O=OreosBelt,C=GB","User","User","User"
"457","CN=Cara Chadwick (cchadwick),OU=People,O=OreosBelt,C=GB","User","User","User"
"458","CN=Nerea Dean (ndean),OU=People,O=OreosBelt,C=GB","User","User","User"
"459","CN=Connor Connor (cconnor),OU=People,O=OreosBelt,C=GB","User","User","User"
"460","CN=Honorato Kevyn (hkevyn),OU=People,O=OreosBelt,C=GB","User","User","User"
"461","CN=Kimberly Barclay (kbarclay),OU=People,O=OreosBelt,C=GB","User","User","User"
"462","CN=Linus Abraham (labraham),OU=People,O=OreosBelt,C=GB","User","User","User"
"463","CN=Hedy Sloane (hsloane),OU=People,O=OreosBelt,C=GB","User","User","User"
"464","CN=Cynthia Joelle (cjoelle),OU=People,O=OreosBelt,C=GB","User","User","User"
"465","CN=Yardley Susan (ysusan),OU=People,O=OreosBelt,C=GB","User","User","User"
"466","CN=Jeremy Gemma (jgemma),OU=People,O=OreosBelt,C=GB","User","User","User"
"467","CN=Logan Lee (llee),OU=People,O=OreosBelt,C=GB","User","User","User"
"468","CN=Leila Deanna (ldeanna),OU=People,O=OreosBelt,C=GB","User","User","User"
"469","CN=Sierra Colby (scolby),OU=People,O=OreosBelt,C=GB","User","User","User"
"470","CN=Louis Aphrodite (laphrodite),OU=People,O=OreosBelt,C=GB","User","User","User"
"471","CN=Octavius Jane (ojane),OU=People,O=OreosBelt,C=GB","User","User","User"
"472","CN=Callum Abel (cabel),OU=People,O=OreosBelt,C=GB","User","User","User"
"473","CN=Selma Kirsten (skirsten),OU=People,O=OreosBelt,C=GB","User","User","User"
"474","CN=Lacota Kendall (lkendall),OU=People,O=OreosBelt,C=GB","User","User","User"
"475","CN=Kelly Tamara (ktamara),OU=People,O=OreosBelt,C=GB","User","User","User"
"476","CN=Paula Marcia (pmarcia),OU=People,O=OreosBelt,C=GB","User","User","User"
"477","CN=Tamara Keiko (tkeiko),OU=People,O=OreosBelt,C=GB","User","User","User"
"478","CN=Reuben Nina (rnina),OU=People,O=OreosBelt,C=GB","User","User","User"
"479","CN=Knox Jena (kjena),OU=People,O=OreosBelt,C=GB","User","User","User"
"480","CN=Dante Leonard (dleonard),OU=People,O=OreosBelt,C=GB","User","User","User"
"481","CN=Devin Renee (drenee),OU=People,O=OreosBelt,C=GB","User","User","User"
"482","CN=Lucas Chloe (lchloe),OU=People,O=OreosBelt,C=GB","User","User","User"
"483","CN=Adara Drake (adrake),OU=People,O=OreosBelt,C=GB","User","User","User"
"484","CN=Echo Camille (ecamille),OU=People,O=OreosBelt,C=GB","User","User","User"
"485","CN=Adrian Damian (adamian),OU=People,O=OreosBelt,C=GB","User","User","User"
"486","CN=Giacomo Cyrus (gcyrus),OU=People,O=OreosBelt,C=GB","User","User","User"
"487","CN=Kelly Kenneth (kkenneth),OU=People,O=OreosBelt,C=GB","User","User","User"
"488","CN=Gemma Benedict (gbenedict),OU=People,O=OreosBelt,C=GB","User","User","User"
"489","CN=Oscar Reuben (oreuben),OU=People,O=OreosBelt,C=GB","User","User","User"
"490","CN=Lucius Colorado (lcolorado),OU=People,O=OreosBelt,C=GB","User","User","User"
"491","CN=Rae Serena (rserena),OU=People,O=OreosBelt,C=GB","User","User","User"
"492","CN=Joshua Heidi (jheidi),OU=People,O=OreosBelt,C=GB","User","User","User"
"493","CN=Richard Britanney (rbritanney),OU=People,O=OreosBelt,C=GB","User","User","User"
"494","CN=Darryl Blaze (dblaze),OU=People,O=OreosBelt,C=GB","User","User","User"
"495","CN=Gay Hanna (ghanna),OU=People,O=OreosBelt,C=GB","User","User","User"
"496","CN=Sean Asher (sasher),OU=People,O=OreosBelt,C=GB","User","User","User"
"497","CN=Xantha Jaden (xjaden),OU=People,O=OreosBelt,C=GB","User","User","User"
"498","CN=Ciaran Noelle (cnoelle),OU=People,O=OreosBelt,C=GB","User","User","User"
"499","CN=Slade Lara (slara),OU=People,O=OreosBelt,C=GB","User","User","User"
"500","CN=Guinevere Zena (gzena),OU=People,O=OreosBelt,C=GB","User","User","User"
"501","CN=Anne Destiny (adestiny),OU=People,O=OreosBelt,C=GB","User","User","User"
"502","CN=Yardley Virginia (yvirginia),OU=People,O=OreosBelt,C=GB","User","User","User"
"503","CN=Avram Hayfa (ahayfa),OU=People,O=OreosBelt,C=GB","User","User","User"
"504","CN=Kyle Nina (knina),OU=People,O=OreosBelt,C=GB","User","User","User"
"505","CN=Robin Hollee (rhollee),OU=People,O=OreosBelt,C=GB","User","User","User"
"506","CN=Shay Flynn (sflynn),OU=People,O=OreosBelt,C=GB","User","User","User"
"507","CN=Nora Marcia (nmarcia),OU=People,O=OreosBelt,C=GB","User","User","User"
"508","CN=Rana Elijah (relijah),OU=People,O=OreosBelt,C=GB","User","User","User"
"509","CN=Aurelia Cheyenne (acheyenne),OU=People,O=OreosBelt,C=GB","User","User","User"
"510","CN=Liberty Illana (lillana),OU=People,O=OreosBelt,C=GB","User","User","User"
"511","CN=Ori Brody (obrody),OU=People,O=OreosBelt,C=GB","User","User","User"
"512","CN=Gregory Brenna (gbrenna),OU=People,O=OreosBelt,C=GB","User","User","User"
"513","CN=Reese Nicholas (rnicholas),OU=People,O=OreosBelt,C=GB","User","User","User"
"514","CN=Todd Evan (tevan),OU=People,O=OreosBelt,C=GB","User","User","User"
"515","CN=Fitzgerald Aladdin (faladdin),OU=People,O=OreosBelt,C=GB","User","User","User"
"516","CN=Ryan Judah (rjudah),OU=People,O=OreosBelt,C=GB","User","User","User"
"517","CN=Hector Rhonda (hrhonda),OU=People,O=OreosBelt,C=GB","User","User","User"
"518","CN=Fay Dieter (fdieter),OU=People,O=OreosBelt,C=GB","User","User","User"
"519","CN=Duncan Illana (dillana),OU=People,O=OreosBelt,C=GB","User","User","User"
"520","CN=Sage Leonard (sleonard),OU=People,O=OreosBelt,C=GB","User","User","User"
"521","CN=Harriet Althea (halthea),OU=People,O=OreosBelt,C=GB","User","User","User"
"522","CN=Byron Hedda (bhedda),OU=People,O=OreosBelt,C=GB","User","User","User"
"523","CN=Ariel Evan (aevan),OU=People,O=OreosBelt,C=GB","User","User","User"
"524","CN=Price Stephen (pstephen),OU=People,O=OreosBelt,C=GB","User","User","User"
"525","CN=Petra Howard (phoward),OU=People,O=OreosBelt,C=GB","User","User","User"
"526","CN=Adena Nelle (anelle),OU=People,O=OreosBelt,C=GB","User","User","User"
"527","CN=Boris Ryan (bryan),OU=People,O=OreosBelt,C=GB","User","User","User"
"528","CN=Chandler May (cmay),OU=People,O=OreosBelt,C=GB","User","User","User"
"529","CN=Phyllis Eve (peve),OU=People,O=OreosBelt,C=GB","User","User","User"
"530","CN=Paul Knox (pknox),OU=People,O=OreosBelt,C=GB","User","User","User"
"531","CN=Silas Abra (sabra),OU=People,O=OreosBelt,C=GB","User","User","User"
"532","CN=Piper India (pindia),OU=People,O=OreosBelt,C=GB","User","User","User"
"533","CN=Virginia Thor (vthor),OU=People,O=OreosBelt,C=GB","User","User","User"
"534","CN=Richard Declan (rdeclan),OU=People,O=OreosBelt,C=GB","User","User","User"
"535","CN=Amal Giselle (agiselle),OU=People,O=OreosBelt,C=GB","User","User","User"
"536","CN=Cedric Addison (caddison),OU=People,O=OreosBelt,C=GB","User","User","User"
"537","CN=Brynne Josiah (bjosiah),OU=People,O=OreosBelt,C=GB","User","User","User"
"538","CN=Shelby Laura (slaura),OU=People,O=OreosBelt,C=GB","User","User","User"
"539","CN=Kyla Len (klen),OU=People,O=OreosBelt,C=GB","User","User","User"
"540","CN=Kerry Caleb (kcaleb),OU=People,O=OreosBelt,C=GB","User","User","User"
"541","CN=Georgia Pamela (gpamela),OU=People,O=OreosBelt,C=GB","User","User","User"
"542","CN=Ella Nero (enero),OU=People,O=OreosBelt,C=GB","User","User","User"
"543","CN=Mercedes Zena (mzena),OU=People,O=OreosBelt,C=GB","User","User","User"
"544","CN=Perry MacKensie (pmackensie),OU=People,O=OreosBelt,C=GB","User","User","User"
"545","CN=Dane Karleigh (dkarleigh),OU=People,O=OreosBelt,C=GB","User","User","User"
"546","CN=Sacha Lyle (slyle),OU=People,O=OreosBelt,C=GB","User","User","User"
"547","CN=Blake Dustin (bdustin),OU=People,O=OreosBelt,C=GB","User","User","User"
"548","CN=Xenos Phyllis (xphyllis),OU=People,O=OreosBelt,C=GB","User","User","User"
"549","CN=Paloma Reed (preed),OU=People,O=OreosBelt,C=GB","User","User","User"
"600","CN=Xantha Marvin (xmarvin),OU=People,O=OreosBelt,C=GB","User","User","User"
"601","CN=Austin Zephr (azephr),OU=People,O=OreosBelt,C=GB","User","User","User"
"602","CN=Shea Ivory (sivory),OU=People,O=OreosBelt,C=GB","User","User","User"
"603","CN=Fritz Vincent (fvincent),OU=People,O=OreosBelt,C=GB","User","User","User"
"604","CN=Xerxes Tiger (xtiger),OU=People,O=OreosBelt,C=GB","User","User","User"
"605","CN=Chase Kyle (ckyle),OU=People,O=OreosBelt,C=GB","User","User","User"
"606","CN=Chester Derek (cderek),OU=People,O=OreosBelt,C=GB","User","User","User"
"607","CN=Pandora Devin (pdevin),OU=People,O=OreosBelt,C=GB","User","User","User"
"608","CN=Neve Zane (nzane),OU=People,O=OreosBelt,C=GB","User","User","User"
"609","CN=Selma Hanna (shanna),OU=People,O=OreosBelt,C=GB","User","User","User"
"610","CN=Claudia Xerxes (cxerxes),OU=People,O=OreosBelt,C=GB","User","User","User"
"611","CN=Channing Deanna (cdeanna),OU=People,O=OreosBelt,C=GB","User","User","User"
"612","CN=Calvin Dante (cdante),OU=People,O=OreosBelt,C=GB","User","User","User"
"613","CN=Jolene Warren (jwarren),OU=People,O=OreosBelt,C=GB","User","User","User"
"614","CN=Victor Petra (vpetra),OU=People,O=OreosBelt,C=GB","User","User","User"
"615","CN=Sharon Zenaida (szenaida),OU=People,O=OreosBelt,C=GB","User","User","User"
"616","CN=Linus Leigh (lleigh),OU=People,O=OreosBelt,C=GB","User","User","User"
"617","CN=Dorothy Mollie (dmollie),OU=People,O=OreosBelt,C=GB","User","User","User"
"618","CN=Mufutau Joshua (mjoshua),OU=People,O=OreosBelt,C=GB","User","User","User"
"619","CN=Jarrod Tamekah (jtamekah),OU=People,O=OreosBelt,C=GB","User","User","User"
"620","CN=Blythe Zachary (bzachary),OU=People,O=OreosBelt,C=GB","User","User","User"
"621","CN=Rowan Thor (rthor),OU=People,O=OreosBelt,C=GB","User","User","User"
"622","CN=Blake Drew (bdrew),OU=People,O=OreosBelt,C=GB","User","User","User"
"623","CN=August Porter (aporter),OU=People,O=OreosBelt,C=GB","User","User","User"
"624","CN=Nash Sierra (nsierra),OU=People,O=OreosBelt,C=GB","User","User","User"
"625","CN=Xander Dora (xdora),OU=People,O=OreosBelt,C=GB","User","User","User"
"626","CN=Moses Justina (mjustina),OU=People,O=OreosBelt,C=GB","User","User","User"
"627","CN=Rigel Buffy (rbuffy),OU=People,O=OreosBelt,C=GB","User","User","User"
"628","CN=George Theodore (gtheodore),OU=People,O=OreosBelt,C=GB","User","User","User"
"629","CN=Baker Herman (bherman),OU=People,O=OreosBelt,C=GB","User","User","User"
"630","CN=Mira Clarke (mclarke),OU=People,O=OreosBelt,C=GB","User","User","User"
"631","CN=Raven Jolene (rjolene),OU=People,O=OreosBelt,C=GB","User","User","User"
"632","CN=Carlos Francis (cfrancis),OU=People,O=OreosBelt,C=GB","User","User","User"
"633","CN=May Mara (mmara),OU=People,O=OreosBelt,C=GB","User","User","User"
"634","CN=Carson Fuller (cfuller),OU=People,O=OreosBelt,C=GB","User","User","User"
"635","CN=Brock Lev (blev),OU=People,O=OreosBelt,C=GB","User","User","User"
"636","CN=Yael Duncan (yduncan),OU=People,O=OreosBelt,C=GB","User","User","User"
"637","CN=Derek Florence (dflorence),OU=People,O=OreosBelt,C=GB","User","User","User"
"638","CN=Alfreda Dylan (adylan),OU=People,O=OreosBelt,C=GB","User","User","User"
"639","CN=Riley Cooper (rcooper),OU=People,O=OreosBelt,C=GB","User","User","User"
"640","CN=Herman Marah (hmarah),OU=People,O=OreosBelt,C=GB","User","User","User"
"641","CN=Hedy Amery (hamery),OU=People,O=OreosBelt,C=GB","User","User","User"
"642","CN=Geoffrey Ocean (gocean),OU=People,O=OreosBelt,C=GB","User","User","User"
"643","CN=Rhiannon Magee (rmagee),OU=People,O=OreosBelt,C=GB","User","User","User"
"644","CN=Shafira Arsenio (sarsenio),OU=People,O=OreosBelt,C=GB","User","User","User"
"645","CN=Dawn Kaitlin (dkaitlin),OU=People,O=OreosBelt,C=GB","User","User","User"
"646","CN=Kermit Graham (kgraham),OU=People,O=OreosBelt,C=GB","User","User","User"
"647","CN=Julian Medge (jmedge),OU=People,O=OreosBelt,C=GB","User","User","User"
"648","CN=Orli Kirby (okirby),OU=People,O=OreosBelt,C=GB","User","User","User"
"649","CN=Jamalia Blossom (jblossom),OU=People,O=OreosBelt,C=GB","User","User","User"
"650","CN=Zia Hollee (zhollee),OU=People,O=OreosBelt,C=GB","User","User","User"
"651","CN=Barry Ginger (bginger),OU=People,O=OreosBelt,C=GB","User","User","User"
"652","CN=Iris Aquila (iaquila),OU=People,O=OreosBelt,C=GB","User","User","User"
"653","CN=Kendall Lucy (klucy),OU=People,O=OreosBelt,C=GB","User","User","User"
"654","CN=Finn Aidan (faidan),OU=People,O=OreosBelt,C=GB","User","User","User"
"655","CN=Minerva Andrew (mandrew),OU=People,O=OreosBelt,C=GB","User","User","User"
"656","CN=Barclay Cain (bcain),OU=People,O=OreosBelt,C=GB","User","User","User"
"657","CN=Melanie Kim (mkim),OU=People,O=OreosBelt,C=GB","User","User","User"
"658","CN=Reece Garth (rgarth),OU=People,O=OreosBelt,C=GB","User","User","User"
"659","CN=Claudia Burton (cburton),OU=People,O=OreosBelt,C=GB","User","User","User"
"660","CN=Theodore Ori (tori),OU=People,O=OreosBelt,C=GB","User","User","User"
"661","CN=Nathan Tashya (ntashya),OU=People,O=OreosBelt,C=GB","User","User","User"
"662","CN=Shelley Nash (snash),OU=People,O=OreosBelt,C=GB","User","User","User"
"663","CN=Kiayada Jaquelyn (kjaquelyn),OU=People,O=OreosBelt,C=GB","User","User","User"
"664","CN=Noah Alika (nalika),OU=People,O=OreosBelt,C=GB","User","User","User"
"665","CN=Willow Leandra (wleandra),OU=People,O=OreosBelt,C=GB","User","User","User"
"666","CN=Quemby Jerome (qjerome),OU=People,O=OreosBelt,C=GB","User","User","User"
"667","CN=Peter Teagan (pteagan),OU=People,O=OreosBelt,C=GB","User","User","User"
"668","CN=Georgia Owen (gowen),OU=People,O=OreosBelt,C=GB","User","User","User"
"669","CN=Sade Kelly (skelly),OU=People,O=OreosBelt,C=GB","User","User","User"
"670","CN=Clark Lawrence (clawrence),OU=People,O=OreosBelt,C=GB","User","User","User"
"671","CN=Rae Channing (rchanning),OU=People,O=OreosBelt,C=GB","User","User","User"
"672","CN=Yasir Sylvia (ysylvia),OU=People,O=OreosBelt,C=GB","User","User","User"
"673","CN=Owen Martin (omartin),OU=People,O=OreosBelt,C=GB","User","User","User"
"674","CN=Sylvia Kitra (skitra),OU=People,O=OreosBelt,C=GB","User","User","User"
"675","CN=Kylan Juliet (kjuliet),OU=People,O=OreosBelt,C=GB","User","User","User"
"676","CN=Isaiah Ruth (iruth),OU=People,O=OreosBelt,C=GB","User","User","User"
"677","CN=Beck Baker (bbaker),OU=People,O=OreosBelt,C=GB","User","User","User"
"678","CN=Martha Jocelyn (mjocelyn),OU=People,O=OreosBelt,C=GB","User","User","User"
"679","CN=Malcolm Brynn (mbrynn),OU=People,O=OreosBelt,C=GB","User","User","User"
"680","CN=Ferris Valentine (fvalentine),OU=People,O=OreosBelt,C=GB","User","User","User"
"681","CN=Jonah Xander (jxander),OU=People,O=OreosBelt,C=GB","User","User","User"
"682","CN=Arthur Ray (aray),OU=People,O=OreosBelt,C=GB","User","User","User"
"683","CN=Paloma Yuri (pyuri),OU=People,O=OreosBelt,C=GB","User","User","User"
"684","CN=Tanek Claudia (tclaudia),OU=People,O=OreosBelt,C=GB","User","User","User"
"685","CN=Chancellor Meredith (cmeredith),OU=People,O=OreosBelt,C=GB","User","User","User"
"686","CN=Danielle Petra (dpetra),OU=People,O=OreosBelt,C=GB","User","User","User"
"687","CN=MacKensie Ava (mava),OU=People,O=OreosBelt,C=GB","User","User","User"
"688","CN=Yvette Ezekiel (yezekiel),OU=People,O=OreosBelt,C=GB","User","User","User"
"689","CN=Rosalyn Samuel (rsamuel),OU=People,O=OreosBelt,C=GB","User","User","User"
"690","CN=Miranda Calista (mcalista),OU=People,O=OreosBelt,C=GB","User","User","User"
"691","CN=Lani Jescie (ljescie),OU=People,O=OreosBelt,C=GB","User","User","User"
"692","CN=Amber Leandra (aleandra),OU=People,O=OreosBelt,C=GB","User","User","User"
"693","CN=Lacey Richard (lrichard),OU=People,O=OreosBelt,C=GB","User","User","User"
"694","CN=Ariana Melanie (amelanie),OU=People,O=OreosBelt,C=GB","User","User","User"
"695","CN=Hayden Stacey (hstacey),OU=People,O=OreosBelt,C=GB","User","User","User"
"696","CN=Wynne Nolan (wnolan),OU=People,O=OreosBelt,C=GB","User","User","User"
"697","CN=Kasper Vincent (kvincent),OU=People,O=OreosBelt,C=GB","User","User","User"
"698","CN=Allegra Alexa (aalexa),OU=People,O=OreosBelt,C=GB","User","User","User"
"699","CN=Felix Tiger (ftiger),OU=People,O=OreosBelt,C=GB","User","User","User"
"1000","CN=Test User0 (tuser0),OU=People,O=OreosBelt,C=GB","User","User","User"
"1001","CN=Test User1 (tuser1),OU=People,O=OreosBelt,C=GB","User","User","User"
"1002","CN=Test User2 (tuser2),OU=People,O=OreosBelt,C=GB","User","User","User"
"1003","CN=Test User3 (tuser3),OU=People,O=OreosBelt,C=GB","User","User","User"
"1004","CN=Test User4 (tuser4),OU=People,O=OreosBelt,C=GB","User","User","User"
"1005","CN=Test User5 (tuser5),OU=People,O=OreosBelt,C=GB","User","User","User"
"1006","CN=Test User6 (tuser6),OU=People,O=OreosBelt,C=GB","User","User","User"
"1007","CN=Test User7 (tuser7),OU=People,O=OreosBelt,C=GB","User","User","User"
"1008","CN=Test User8 (tuser8),OU=People,O=OreosBelt,C=GB","User","User","User"
"1009","CN=Test User9 (tuser9),OU=People,O=OreosBelt,C=GB","User","User","User"
"1010","CN=Test User10 (tuser10),OU=People,O=OreosBelt,C=GB","User","User","User"
"1011","CN=Test User11 (tuser11),OU=People,O=OreosBelt,C=GB","User","User","User"
"1012","CN=Test User12 (tuser12),OU=People,O=OreosBelt,C=GB","User","User","User"
"1013","CN=Test User13 (tuser13),OU=People,O=OreosBelt,C=GB","User","User","User"
"1014","CN=Test User14 (tuser14),OU=People,O=OreosBelt,C=GB","User","User","User"
"1015","CN=Test User15 (tuser15),OU=People,O=OreosBelt,C=GB","User","User","User"
"1016","CN=Test User16 (tuser16),OU=People,O=OreosBelt,C=GB","User","User","User"
"1017","CN=Test User17 (tuser17),OU=People,O=OreosBelt,C=GB","User","User","User"
"1018","CN=Test User18 (tuser18),OU=People,O=OreosBelt,C=GB","User","User","User"
"1019","CN=Test User19 (tuser19),OU=People,O=OreosBelt,C=GB","User","User","User"
"1020","CN=Test User20 (tuser20),OU=People,O=OreosBelt,C=GB","User","User","User"
